,state,county,score
0,Alabama,Autauga,0
1,Alabama,Baldwin,0
2,Alabama,Barbour,0
3,Alabama,Bibb,0
4,Alabama,Blount,0
5,Alabama,Bullock,0
6,Alabama,Butler,0
7,Alabama,Calhoun,0
8,Alabama,Chambers,0
9,Alabama,Cherokee,0
10,Alabama,Chilton,0
11,Alabama,Choctaw,0
12,Alabama,Clarke,0
13,Alabama,Clay,0
14,Alabama,Cleburne,0
15,Alabama,Coffee,0
16,Alabama,Colbert,0
17,Alabama,Conecuh,0
18,Alabama,Coosa,0
19,Alabama,Covington,0
20,Alabama,Crenshaw,0
21,Alabama,Cullman,0
22,Alabama,Dale,0
23,Alabama,Dallas,0
24,Alabama,Elmore,0
25,Alabama,Escambia,0
26,Alabama,Etowah,0
27,Alabama,Fayette,0
28,Alabama,Franklin,0
29,Alabama,Geneva,0
30,Alabama,Greene,0
31,Alabama,Hale,0
32,Alabama,Henry,0
33,Alabama,Houston,0
34,Alabama,Jackson,0
35,Alabama,Jefferson,0
36,Alabama,Lamar,0
37,Alabama,Lauderdale,0
38,Alabama,Lawrence,0
39,Alabama,Lee,0
40,Alabama,Limestone,0
41,Alabama,Lowndes,0
42,Alabama,Macon,0
43,Alabama,Madison,0
44,Alabama,Marengo,0
45,Alabama,Marion,0
46,Alabama,Marshall,0
47,Alabama,Mobile,0
48,Alabama,Monroe,0
49,Alabama,Montgomery,0
50,Alabama,Morgan,0
51,Alabama,Perry,0
52,Alabama,Pickens,0
53,Alabama,Pike,0
54,Alabama,Randolph,0
55,Alabama,Russell,0
56,Alabama,Shelby,0
57,Alabama,Sumter,0
58,Alabama,Talladega,0
59,Alabama,Tallapoosa,0
60,Alabama,Tuscaloosa,0
61,Alabama,Walker,0
62,Alabama,Washington,0
63,Alabama,Wilcox,0
64,Alabama,Winston,0
65,Arizona,Apache,0
66,Arizona,Cochise,0
67,Arizona,Coconino,0
68,Arizona,Gila,0
69,Arizona,Graham,0
70,Arizona,Greenlee,0
71,Arizona,La Paz,0
72,Arizona,Maricopa,0
73,Arizona,Mohave,0
74,Arizona,Navajo,0
75,Arizona,Pima,0
76,Arizona,Pinal,0
77,Arizona,Santa Cruz,0
78,Arizona,Yavapai,0
79,Arizona,Yuma,0
80,Arkansas,Arkansas,0
81,Arkansas,Ashley,0
82,Arkansas,Baxter,0
83,Arkansas,Benton,0
84,Arkansas,Boone,0
85,Arkansas,Bradley,0
86,Arkansas,Calhoun,0
87,Arkansas,Carroll,0
88,Arkansas,Chicot,0
89,Arkansas,Clark,0
90,Arkansas,Clay,0
91,Arkansas,Cleburne,0
92,Arkansas,Cleveland,0
93,Arkansas,Columbia,0
94,Arkansas,Conway,0
95,Arkansas,Craighead,0
96,Arkansas,Crawford,0
97,Arkansas,Crittenden,0
98,Arkansas,Cross,0
99,Arkansas,Dallas,0
100,Arkansas,Desha,0
101,Arkansas,Drew,0
102,Arkansas,Faulkner,0
103,Arkansas,Franklin,0
104,Arkansas,Fulton,0
105,Arkansas,Garland,0
106,Arkansas,Grant,0
107,Arkansas,Greene,0
108,Arkansas,Hempstead,0
109,Arkansas,Hot Spring,0
110,Arkansas,Howard,0
111,Arkansas,Independence,0
112,Arkansas,Izard,0
113,Arkansas,Jackson,0
114,Arkansas,Jefferson,0
115,Arkansas,Johnson,0
116,Arkansas,Lafayette,0
117,Arkansas,Lawrence,0
118,Arkansas,Lee,0
119,Arkansas,Lincoln,0
120,Arkansas,Little River,0
121,Arkansas,Logan,0
122,Arkansas,Lonoke,0
123,Arkansas,Madison,0
124,Arkansas,Marion,0
125,Arkansas,Miller,0
126,Arkansas,Mississippi,0
127,Arkansas,Monroe,0
128,Arkansas,Montgomery,0
129,Arkansas,Nevada,0
130,Arkansas,Newton,0
131,Arkansas,Ouachita,0
132,Arkansas,Perry,0
133,Arkansas,Phillips,0
134,Arkansas,Pike,0
135,Arkansas,Poinsett,0
136,Arkansas,Polk,0
137,Arkansas,Pope,0
138,Arkansas,Prairie,0
139,Arkansas,Pulaski,0
140,Arkansas,Randolph,0
141,Arkansas,Saline,0
142,Arkansas,Scott,0
143,Arkansas,Searcy,0
144,Arkansas,Sebastian,0
145,Arkansas,Sevier,0
146,Arkansas,Sharp,0
147,Arkansas,Stone,0
148,Arkansas,Union,0
149,Arkansas,Van Buren,0
150,Arkansas,Washington,0
151,Arkansas,White,0
152,Arkansas,Woodruff,0
153,Arkansas,Yell,0
154,Colorado,Adams,0
155,Colorado,Alamosa,0
156,Colorado,Arapahoe,0
157,Colorado,Archuleta,0
158,Colorado,Baca,0
159,Colorado,Bent,0
160,Colorado,Boulder,0
161,Colorado,Broomfield,0
162,Colorado,Chaffee,0
163,Colorado,Cheyenne,0
164,Colorado,Clear Creek,0
165,Colorado,Conejos,0
166,Colorado,Costilla,0
167,Colorado,Crowley,0
168,Colorado,Custer,0
169,Colorado,Delta,0
170,Colorado,Denver,0
171,Colorado,Dolores,0
172,Colorado,Douglas,0
173,Colorado,Eagle,0
174,Colorado,Elbert,0
175,Colorado,El Paso,0
176,Colorado,Fremont,0
177,Colorado,Garfield,0
178,Colorado,Gilpin,0
179,Colorado,Grand,0
180,Colorado,Gunnison,0
181,Colorado,Hinsdale,0
182,Colorado,Huerfano,0
183,Colorado,Jackson,0
184,Colorado,Jefferson,0
185,Colorado,Kiowa,0
186,Colorado,Kit Carson,0
187,Colorado,Lake,0
188,Colorado,La Plata,0
189,Colorado,Larimer,0
190,Colorado,Las Animas,0
191,Colorado,Lincoln,0
192,Colorado,Logan,0
193,Colorado,Mesa,0
194,Colorado,Mineral,0
195,Colorado,Moffat,0
196,Colorado,Montezuma,0
197,Colorado,Montrose,0
198,Colorado,Morgan,0
199,Colorado,Otero,0
200,Colorado,Ouray,0
201,Colorado,Park,0
202,Colorado,Phillips,0
203,Colorado,Pitkin,0
204,Colorado,Prowers,0
205,Colorado,Pueblo,0
206,Colorado,Rio Blanco,0
207,Colorado,Rio Grande,0
208,Colorado,Routt,0
209,Colorado,Saguache,0
210,Colorado,San Juan,0
211,Colorado,San Miguel,0
212,Colorado,Sedgwick,0
213,Colorado,Summit,0
214,Colorado,Teller,0
215,Colorado,Washington,0
216,Colorado,Weld,0
217,Colorado,Yuma,0
218,Florida,Alachua,0
219,Florida,Baker,0
220,Florida,Bay,0
221,Florida,Bradford,0
222,Florida,Brevard,0
223,Florida,Broward,0
224,Florida,Calhoun,0
225,Florida,Charlotte,0
226,Florida,Citrus,0
227,Florida,Clay,0
228,Florida,Collier,0
229,Florida,Columbia,0
230,Florida,Dixie,0
231,Florida,Duval,0
232,Florida,Escambia,0
233,Florida,Flagler,0
234,Florida,Franklin,0
235,Florida,Gadsden,0
236,Florida,Gilchrist,0
237,Florida,Glades,0
238,Florida,Gulf,0
239,Florida,Hamilton,0
240,Florida,Hardee,0
241,Florida,Hendry,0
242,Florida,Hernando,0
243,Florida,Highlands,0
244,Florida,Hillsborough,0
245,Florida,Holmes,0
246,Florida,Indian River,0
247,Florida,Jackson,0
248,Florida,Jefferson,0
249,Florida,Lafayette,0
250,Florida,Lake,0
251,Florida,Lee,0
252,Florida,Leon,0
253,Florida,Levy,0
254,Florida,Liberty,0
255,Florida,Madison,0
256,Florida,Manatee,0
257,Florida,Marion,0
258,Florida,Martin,0
259,Florida,Miami-Dade,0
260,Florida,Monroe,0
261,Florida,Nassau,0
262,Florida,Okeechobee,0
263,Florida,Orange,0
264,Florida,Osceola,0
265,Florida,Palm Beach,0
266,Florida,Pasco,0
267,Florida,Pinellas,0
268,Florida,Polk,0
269,Florida,Putnam,0
270,Florida,Santa Rosa,0
271,Florida,Sarasota,0
272,Florida,Seminole,0
273,Florida,Sumter,0
274,Florida,Suwannee,0
275,Florida,Taylor,0
276,Florida,Union,0
277,Florida,Volusia,0
278,Florida,Wakulla,0
279,Florida,Walton,0
280,Florida,Washington,0
281,Georgia,Appling,0
282,Georgia,Atkinson,0
283,Georgia,Bacon,0
284,Georgia,Baker,0
285,Georgia,Baldwin,0
286,Georgia,Banks,0
287,Georgia,Barrow,0
288,Georgia,Bartow,0
289,Georgia,Ben Hill,0
290,Georgia,Berrien,0
291,Georgia,Bibb,0
292,Georgia,Bleckley,0
293,Georgia,Brantley,0
294,Georgia,Brooks,0
295,Georgia,Bryan,0
296,Georgia,Bulloch,0
297,Georgia,Burke,0
298,Georgia,Butts,0
299,Georgia,Calhoun,0
300,Georgia,Camden,0
301,Georgia,Candler,0
302,Georgia,Carroll,0
303,Georgia,Catoosa,0
304,Georgia,Charlton,0
305,Georgia,Chatham,0
306,Georgia,Chattahoochee,0
307,Georgia,Chattooga,0
308,Georgia,Cherokee,0
309,Georgia,Clarke,0
310,Georgia,Clay,0
311,Georgia,Clayton,0
312,Georgia,Clinch,0
313,Georgia,Cobb,0
314,Georgia,Coffee,0
315,Georgia,Colquitt,0
316,Georgia,Columbia,0
317,Georgia,Cook,0
318,Georgia,Coweta,0
319,Georgia,Crawford,0
320,Georgia,Crisp,0
321,Georgia,Dade,0
322,Georgia,Dawson,0
323,Georgia,Decatur,0
324,Georgia,Dodge,0
325,Georgia,Dooly,0
326,Georgia,Dougherty,0
327,Georgia,Douglas,0
328,Georgia,Early,0
329,Georgia,Echols,0
330,Georgia,Effingham,0
331,Georgia,Elbert,0
332,Georgia,Emanuel,0
333,Georgia,Evans,0
334,Georgia,Fannin,0
335,Georgia,Fayette,0
336,Georgia,Floyd,0
337,Georgia,Forsyth,0
338,Georgia,Franklin,0
339,Georgia,Fulton,0
340,Georgia,Gilmer,0
341,Georgia,Glascock,0
342,Georgia,Glynn,0
343,Georgia,Gordon,0
344,Georgia,Grady,0
345,Georgia,Greene,0
346,Georgia,Gwinnett,0
347,Georgia,Habersham,0
348,Georgia,Hall,0
349,Georgia,Hancock,0
350,Georgia,Haralson,0
351,Georgia,Harris,0
352,Georgia,Hart,0
353,Georgia,Heard,0
354,Georgia,Henry,0
355,Georgia,Houston,0
356,Georgia,Irwin,0
357,Georgia,Jackson,0
358,Georgia,Jasper,0
359,Georgia,Jeff Davis,0
360,Georgia,Jefferson,0
361,Georgia,Jenkins,0
362,Georgia,Johnson,0
363,Georgia,Jones,0
364,Georgia,Lamar,0
365,Georgia,Lanier,0
366,Georgia,Laurens,0
367,Georgia,Lee,0
368,Georgia,Liberty,0
369,Georgia,Lincoln,0
370,Georgia,Long,0
371,Georgia,Lowndes,0
372,Georgia,Lumpkin,0
373,Georgia,Macon,0
374,Georgia,Madison,0
375,Georgia,Marion,0
376,Georgia,McDuffie,0
377,Georgia,McIntosh,0
378,Georgia,Meriwether,0
379,Georgia,Miller,0
380,Georgia,Mitchell,0
381,Georgia,Monroe,0
382,Georgia,Montgomery,0
383,Georgia,Morgan,0
384,Georgia,Murray,0
385,Georgia,Muscogee,0
386,Georgia,Newton,0
387,Georgia,Oconee,0
388,Georgia,Oglethorpe,0
389,Georgia,Paulding,0
390,Georgia,Peach,0
391,Georgia,Pickens,0
392,Georgia,Pierce,0
393,Georgia,Pike,0
394,Georgia,Polk,0
395,Georgia,Pulaski,0
396,Georgia,Putnam,0
397,Georgia,Quitman,0
398,Georgia,Rabun,0
399,Georgia,Randolph,0
400,Georgia,Richmond,0
401,Georgia,Rockdale,0
402,Georgia,Schley,0
403,Georgia,Screven,0
404,Georgia,Seminole,0
405,Georgia,Spalding,0
406,Georgia,Stephens,0
407,Georgia,Stewart,0
408,Georgia,Sumter,0
409,Georgia,Talbot,0
410,Georgia,Taliaferro,0
411,Georgia,Tattnall,0
412,Georgia,Taylor,0
413,Georgia,Telfair,0
414,Georgia,Terrell,0
415,Georgia,Thomas,0
416,Georgia,Tift,0
417,Georgia,Toombs,0
418,Georgia,Towns,0
419,Georgia,Treutlen,0
420,Georgia,Troup,0
421,Georgia,Turner,0
422,Georgia,Twiggs,0
423,Georgia,Union,0
424,Georgia,Upson,0
425,Georgia,Walker,0
426,Georgia,Walton,0
427,Georgia,Ware,0
428,Georgia,Warren,0
429,Georgia,Washington,0
430,Georgia,Wayne,0
431,Georgia,Webster,0
432,Georgia,Wheeler,0
433,Georgia,White,0
434,Georgia,Whitfield,0
435,Georgia,Wilcox,0
436,Georgia,Wilkes,0
437,Georgia,Wilkinson,0
438,Georgia,Worth,0
439,Idaho,Ada,0
440,Idaho,Adams,0
441,Idaho,Bannock,0
442,Idaho,Bear Lake,0
443,Idaho,Benewah,0
444,Idaho,Bingham,0
445,Idaho,Blaine,0
446,Idaho,Boise,0
447,Idaho,Bonner,0
448,Idaho,Bonneville,0
449,Idaho,Boundary,0
450,Idaho,Butte,0
451,Idaho,Camas,0
452,Idaho,Canyon,0
453,Idaho,Caribou,0
454,Idaho,Cassia,0
455,Idaho,Clark,0
456,Idaho,Clearwater,0
457,Idaho,Custer,0
458,Idaho,Elmore,0
459,Idaho,Franklin,0
460,Idaho,Fremont,0
461,Idaho,Gem,0
462,Idaho,Gooding,0
463,Idaho,Jefferson,0
464,Idaho,Jerome,0
465,Idaho,Kootenai,0
466,Idaho,Latah,0
467,Idaho,Lemhi,0
468,Idaho,Lewis,0
469,Idaho,Lincoln,0
470,Idaho,Madison,0
471,Idaho,Minidoka,0
472,Idaho,Nez Perce,0
473,Idaho,Oneida,0
474,Idaho,Owyhee,0
475,Idaho,Payette,0
476,Idaho,Power,0
477,Idaho,Shoshone,0
478,Idaho,Teton,0
479,Idaho,Twin Falls,0
480,Idaho,Valley,0
481,Idaho,Washington,0
482,Illinois,Adams,0
483,Illinois,Alexander,0
484,Illinois,Bond,0
485,Illinois,Boone,0
486,Illinois,Brown,0
487,Illinois,Bureau,0
488,Illinois,Calhoun,0
489,Illinois,Carroll,0
490,Illinois,Cass,0
491,Illinois,Champaign,0
492,Illinois,Christian,0
493,Illinois,Clark,0
494,Illinois,Clay,0
495,Illinois,Clinton,0
496,Illinois,Coles,0
497,Illinois,Crawford,0
498,Illinois,Cumberland,0
499,Illinois,Douglas,0
500,Illinois,Edgar,0
501,Illinois,Edwards,0
502,Illinois,Effingham,0
503,Illinois,Fayette,0
504,Illinois,Ford,0
505,Illinois,Franklin,0
506,Illinois,Fulton,0
507,Illinois,Gallatin,0
508,Illinois,Greene,0
509,Illinois,Grundy,0
510,Illinois,Hamilton,0
511,Illinois,Hancock,0
512,Illinois,Hardin,0
513,Illinois,Henderson,0
514,Illinois,Henry,0
515,Illinois,Iroquois,0
516,Illinois,Jackson,0
517,Illinois,Jasper,0
518,Illinois,Jefferson,0
519,Illinois,Jersey,0
520,Illinois,Johnson,0
521,Illinois,Kane,0
522,Illinois,Kankakee,0
523,Illinois,Kendall,0
524,Illinois,Knox,0
525,Illinois,Lake,0
526,Illinois,Lawrence,0
527,Illinois,Lee,0
528,Illinois,Livingston,0
529,Illinois,Logan,0
530,Illinois,Macon,0
531,Illinois,Macoupin,0
532,Illinois,Madison,0
533,Illinois,Marion,0
534,Illinois,Marshall,0
535,Illinois,Mason,0
536,Illinois,Massac,0
537,Illinois,McDonough,0
538,Illinois,McHenry,0
539,Illinois,McLean,0
540,Illinois,Menard,0
541,Illinois,Mercer,0
542,Illinois,Monroe,0
543,Illinois,Montgomery,0
544,Illinois,Morgan,0
545,Illinois,Moultrie,0
546,Illinois,Ogle,0
547,Illinois,Peoria,0
548,Illinois,Perry,0
549,Illinois,Piatt,0
550,Illinois,Pike,0
551,Illinois,Pope,0
552,Illinois,Pulaski,0
553,Illinois,Putnam,0
554,Illinois,Randolph,0
555,Illinois,Richland,0
556,Illinois,Rock Island,0
557,Illinois,Saline,0
558,Illinois,Sangamon,0
559,Illinois,Schuyler,0
560,Illinois,Scott,0
561,Illinois,Shelby,0
562,Illinois,Stark,0
563,Illinois,Stephenson,0
564,Illinois,Tazewell,0
565,Illinois,Union,0
566,Illinois,Vermilion,0
567,Illinois,Wabash,0
568,Illinois,Warren,0
569,Illinois,Washington,0
570,Illinois,Wayne,0
571,Illinois,White,0
572,Illinois,Whiteside,0
573,Illinois,Will,0
574,Illinois,Williamson,0
575,Illinois,Winnebago,0
576,Illinois,Woodford,0
577,Iowa,Adair,0
578,Iowa,Adams,0
579,Iowa,Allamakee,0
580,Iowa,Appanoose,0
581,Iowa,Audubon,0
582,Iowa,Benton,0
583,Iowa,Black Hawk,0
584,Iowa,Boone,0
585,Iowa,Bremer,0
586,Iowa,Buchanan,0
587,Iowa,Buena Vista,0
588,Iowa,Butler,0
589,Iowa,Calhoun,0
590,Iowa,Carroll,0
591,Iowa,Cass,0
592,Iowa,Cedar,0
593,Iowa,Cerro Gordo,0
594,Iowa,Cherokee,0
595,Iowa,Chickasaw,0
596,Iowa,Clarke,0
597,Iowa,Clay,0
598,Iowa,Clayton,0
599,Iowa,Clinton,0
600,Iowa,Crawford,0
601,Iowa,Dallas,0
602,Iowa,Davis,0
603,Iowa,Decatur,0
604,Iowa,Delaware,0
605,Iowa,Des Moines,0
606,Iowa,Dickinson,0
607,Iowa,Dubuque,0
608,Iowa,Emmet,0
609,Iowa,Fayette,0
610,Iowa,Floyd,0
611,Iowa,Franklin,0
612,Iowa,Fremont,0
613,Iowa,Greene,0
614,Iowa,Grundy,0
615,Iowa,Guthrie,0
616,Iowa,Hamilton,0
617,Iowa,Hancock,0
618,Iowa,Hardin,0
619,Iowa,Harrison,0
620,Iowa,Henry,0
621,Iowa,Howard,0
622,Iowa,Humboldt,0
623,Iowa,Ida,0
624,Iowa,Iowa,0
625,Iowa,Jackson,0
626,Iowa,Jasper,0
627,Iowa,Jefferson,0
628,Iowa,Johnson,0
629,Iowa,Jones,0
630,Iowa,Keokuk,0
631,Iowa,Kossuth,0
632,Iowa,Lee,0
633,Iowa,Linn,0
634,Iowa,Louisa,0
635,Iowa,Lucas,0
636,Iowa,Lyon,0
637,Iowa,Madison,0
638,Iowa,Mahaska,0
639,Iowa,Marion,0
640,Iowa,Marshall,0
641,Iowa,Mills,0
642,Iowa,Mitchell,0
643,Iowa,Monona,0
644,Iowa,Monroe,0
645,Iowa,Montgomery,0
646,Iowa,Muscatine,0
647,Iowa,Osceola,0
648,Iowa,Page,0
649,Iowa,Palo Alto,0
650,Iowa,Plymouth,0
651,Iowa,Pocahontas,0
652,Iowa,Polk,0
653,Iowa,Pottawattamie,0
654,Iowa,Poweshiek,0
655,Iowa,Ringgold,0
656,Iowa,Sac,0
657,Iowa,Scott,0
658,Iowa,Shelby,0
659,Iowa,Sioux,0
660,Iowa,Story,0
661,Iowa,Tama,0
662,Iowa,Taylor,0
663,Iowa,Union,0
664,Iowa,Van Buren,0
665,Iowa,Wapello,0
666,Iowa,Warren,0
667,Iowa,Washington,0
668,Iowa,Wayne,0
669,Iowa,Webster,0
670,Iowa,Winnebago,0
671,Iowa,Winneshiek,0
672,Iowa,Woodbury,0
673,Iowa,Worth,0
674,Iowa,Wright,0
675,Kentucky,Adair,0
676,Kentucky,Allen,0
677,Kentucky,Anderson,0
680,Kentucky,Bath,0
681,Kentucky,Bell,0
682,Kentucky,Boone,0
684,Kentucky,Boyd,0
690,Kentucky,Butler,0
691,Kentucky,Caldwell,0
693,Kentucky,Campbell,0
695,Kentucky,Carroll,0
696,Kentucky,Carter,0
698,Kentucky,Christian,0
699,Kentucky,Clark,0
700,Kentucky,Clay,0
701,Kentucky,Clinton,0
702,Kentucky,Crittenden,0
703,Kentucky,Cumberland,0
704,Kentucky,Daviess,0
708,Kentucky,Fayette,0
710,Kentucky,Floyd,0
711,Kentucky,Franklin,0
712,Kentucky,Fulton,0
713,Kentucky,Gallatin,0
715,Kentucky,Grant,0
717,Kentucky,Grayson,0
720,Kentucky,Hancock,0
721,Kentucky,Hardin,0
722,Kentucky,Harlan,0
723,Kentucky,Harrison,0
724,Kentucky,Hart,0
725,Kentucky,Henderson,0
726,Kentucky,Henry,0
727,Kentucky,Hickman,0
728,Kentucky,Hopkins,0
729,Kentucky,Jackson,0
730,Kentucky,Jefferson,0
732,Kentucky,Johnson,0
735,Kentucky,Knox,0
738,Kentucky,Lawrence,0
739,Kentucky,Lee,0
742,Kentucky,Lewis,0
743,Kentucky,Lincoln,0
744,Kentucky,Livingston,0
745,Kentucky,Logan,0
746,Kentucky,Lyon,0
747,Kentucky,Madison,0
749,Kentucky,Marion,0
750,Kentucky,Marshall,0
751,Kentucky,Martin,0
752,Kentucky,Mason,0
755,Kentucky,McLean,0
758,Kentucky,Mercer,0
760,Kentucky,Monroe,0
761,Kentucky,Montgomery,0
762,Kentucky,Morgan,0
764,Kentucky,Nelson,0
767,Kentucky,Oldham,0
771,Kentucky,Perry,0
772,Kentucky,Pike,0
774,Kentucky,Pulaski,0
775,Kentucky,Robertson,0
777,Kentucky,Rowan,0
778,Kentucky,Russell,0
779,Kentucky,Scott,0
780,Kentucky,Shelby,0
781,Kentucky,Simpson,0
783,Kentucky,Taylor,0
787,Kentucky,Union,0
788,Kentucky,Warren,0
789,Kentucky,Washington,0
790,Kentucky,Wayne,0
791,Kentucky,Webster,0
794,Kentucky,Woodford,0
795,Louisiana,Acadia,0
796,Louisiana,Allen,0
797,Louisiana,Ascension,0
798,Louisiana,Assumption,0
799,Louisiana,Avoyelles,0
800,Louisiana,Beauregard,0
801,Louisiana,Bienville,0
802,Louisiana,Bossier,0
803,Louisiana,Caddo,0
804,Louisiana,Calcasieu,0
805,Louisiana,Caldwell,0
806,Louisiana,Cameron,0
807,Louisiana,Catahoula,0
808,Louisiana,Claiborne,0
809,Louisiana,Concordia,0
810,Louisiana,East Baton Rouge,0
811,Louisiana,East Carroll,0
812,Louisiana,East Feliciana,0
813,Louisiana,Evangeline,0
814,Louisiana,Franklin,0
815,Louisiana,Grant,0
816,Louisiana,Iberia,0
817,Louisiana,Iberville,0
818,Louisiana,Jackson,0
819,Louisiana,Jefferson,0
820,Louisiana,Lafayette,0
821,Louisiana,Lafourche,0
822,Louisiana,Lincoln,0
823,Louisiana,Livingston,0
824,Louisiana,Madison,0
825,Louisiana,Morehouse,0
826,Louisiana,Natchitoches,0
827,Louisiana,Orleans,0
828,Louisiana,Ouachita,0
829,Louisiana,Plaquemines,0
830,Louisiana,Pointe Coupee,0
831,Louisiana,Rapides,0
832,Louisiana,Red River,0
833,Louisiana,Richland,0
834,Louisiana,Sabine,0
835,Louisiana,Tangipahoa,0
836,Louisiana,Tensas,0
837,Louisiana,Terrebonne,0
838,Louisiana,Union,0
839,Louisiana,Vermilion,0
840,Louisiana,Vernon,0
841,Louisiana,Washington,0
842,Louisiana,Webster,0
843,Louisiana,West Baton Rouge,0
844,Louisiana,West Carroll,0
845,Louisiana,West Feliciana,0
846,Louisiana,Winn,0
847,Maine,Cumberland,0
848,Maine,Franklin,0
849,Maine,Hancock,0
850,Maine,Knox,0
851,Maine,Lincoln,0
852,Maine,Oxford,0
853,Maine,Penobscot,0
854,Maine,Waldo,0
855,Maine,Washington,0
856,Maine,York,0
857,Massachusetts,Barnstable,0
858,Massachusetts,Essex,0
859,Massachusetts,Franklin,0
860,Massachusetts,Hampden,0
861,Massachusetts,Nantucket,0
862,Massachusetts,Norfolk,0
863,Massachusetts,Plymouth,0
864,Massachusetts,Worcester,0
865,Michigan,Alcona,0
866,Michigan,Alger,0
867,Michigan,Allegan,0
868,Michigan,Alpena,0
869,Michigan,Antrim,0
870,Michigan,Arenac,0
871,Michigan,Baraga,0
872,Michigan,Barry,0
873,Michigan,Bay,0
874,Michigan,Benzie,0
875,Michigan,Berrien,0
876,Michigan,Branch,0
877,Michigan,Calhoun,0
878,Michigan,Cass,0
879,Michigan,Charlevoix,0
880,Michigan,Cheboygan,0
881,Michigan,Chippewa,0
882,Michigan,Clare,0
883,Michigan,Clinton,0
884,Michigan,Crawford,0
885,Michigan,Delta,0
886,Michigan,Dickinson,0
887,Michigan,Eaton,0
888,Michigan,Emmet,0
889,Michigan,Genesee,0
890,Michigan,Gladwin,0
891,Michigan,Gogebic,0
892,Michigan,Grand Traverse,0
893,Michigan,Gratiot,0
894,Michigan,Hillsdale,0
895,Michigan,Houghton,0
896,Michigan,Huron,0
897,Michigan,Ingham,0
898,Michigan,Ionia,0
899,Michigan,Iosco,0
900,Michigan,Iron,0
901,Michigan,Isabella,0
902,Michigan,Jackson,0
903,Michigan,Kalamazoo,0
904,Michigan,Kalkaska,0
905,Michigan,Kent,0
906,Michigan,Keweenaw,0
907,Michigan,Lake,0
908,Michigan,Lapeer,0
909,Michigan,Leelanau,0
910,Michigan,Lenawee,0
911,Michigan,Livingston,0
912,Michigan,Luce,0
913,Michigan,Mackinac,0
914,Michigan,Macomb,0
915,Michigan,Manistee,0
916,Michigan,Marquette,0
917,Michigan,Mason,0
918,Michigan,Mecosta,0
919,Michigan,Menominee,0
920,Michigan,Midland,0
921,Michigan,Missaukee,0
922,Michigan,Monroe,0
923,Michigan,Montcalm,0
924,Michigan,Montmorency,0
925,Michigan,Muskegon,0
926,Michigan,Newaygo,0
927,Michigan,Oakland,0
928,Michigan,Oceana,0
929,Michigan,Ogemaw,0
930,Michigan,Ontonagon,0
931,Michigan,Osceola,0
932,Michigan,Oscoda,0
933,Michigan,Otsego,0
934,Michigan,Ottawa,0
935,Michigan,Presque Isle,0
936,Michigan,Roscommon,0
937,Michigan,Saginaw,0
938,Michigan,Sanilac,0
939,Michigan,Schoolcraft,0
940,Michigan,Shiawassee,0
941,Michigan,Tuscola,0
942,Michigan,Van Buren,0
943,Michigan,Washtenaw,0
944,Michigan,Wayne,0
945,Michigan,Wexford,0
946,Mississippi,Adams,0
947,Mississippi,Alcorn,0
948,Mississippi,Amite,0
949,Mississippi,Attala,0
950,Mississippi,Benton,0
951,Mississippi,Bolivar,0
952,Mississippi,Calhoun,0
953,Mississippi,Carroll,0
954,Mississippi,Chickasaw,0
955,Mississippi,Choctaw,0
956,Mississippi,Claiborne,0
957,Mississippi,Clarke,0
958,Mississippi,Clay,0
959,Mississippi,Coahoma,0
960,Mississippi,Copiah,0
961,Mississippi,Covington,0
962,Mississippi,Forrest,0
963,Mississippi,Franklin,0
964,Mississippi,George,0
965,Mississippi,Greene,0
966,Mississippi,Grenada,0
967,Mississippi,Hancock,0
968,Mississippi,Harrison,0
969,Mississippi,Hinds,0
970,Mississippi,Holmes,0
971,Mississippi,Humphreys,0
972,Mississippi,Issaquena,0
973,Mississippi,Itawamba,0
974,Mississippi,Jackson,0
975,Mississippi,Jasper,0
976,Mississippi,Jefferson,0
977,Mississippi,Jones,0
978,Mississippi,Kemper,0
979,Mississippi,Lafayette,0
980,Mississippi,Lamar,0
981,Mississippi,Lauderdale,0
982,Mississippi,Lawrence,0
983,Mississippi,Leake,0
984,Mississippi,Lee,0
985,Mississippi,Leflore,0
986,Mississippi,Lincoln,0
987,Mississippi,Lowndes,0
988,Mississippi,Madison,0
989,Mississippi,Marion,0
990,Mississippi,Marshall,0
991,Mississippi,Monroe,0
992,Mississippi,Montgomery,0
993,Mississippi,Neshoba,0
994,Mississippi,Newton,0
995,Mississippi,Noxubee,0
996,Mississippi,Oktibbeha,0
997,Mississippi,Panola,0
998,Mississippi,Pearl River,0
999,Mississippi,Perry,0
1000,Mississippi,Pike,0
1001,Mississippi,Pontotoc,0
1002,Mississippi,Prentiss,0
1003,Mississippi,Quitman,0
1004,Mississippi,Rankin,0
1005,Mississippi,Scott,0
1006,Mississippi,Sharkey,0
1007,Mississippi,Simpson,0
1008,Mississippi,Smith,0
1009,Mississippi,Stone,0
1010,Mississippi,Sunflower,0
1011,Mississippi,Tallahatchie,0
1012,Mississippi,Tate,0
1013,Mississippi,Tippah,0
1014,Mississippi,Tishomingo,0
1015,Mississippi,Tunica,0
1016,Mississippi,Union,0
1017,Mississippi,Walthall,0
1018,Mississippi,Warren,0
1019,Mississippi,Washington,0
1020,Mississippi,Wayne,0
1021,Mississippi,Webster,0
1022,Mississippi,Wilkinson,0
1023,Mississippi,Winston,0
1024,Mississippi,Yalobusha,0
1025,Mississippi,Yazoo,0
1026,Missouri,Adair,0
1027,Missouri,Andrew,0
1028,Missouri,Atchison,0
1029,Missouri,Audrain,0
1030,Missouri,Barry,0
1031,Missouri,Barton,0
1032,Missouri,Bates,0
1033,Missouri,Benton,0
1034,Missouri,Bollinger,0
1035,Missouri,Boone,0
1036,Missouri,Buchanan,0
1037,Missouri,Butler,0
1038,Missouri,Caldwell,0
1039,Missouri,Callaway,0
1040,Missouri,Camden,0
1041,Missouri,Cape Girardeau,0
1042,Missouri,Carroll,0
1043,Missouri,Carter,0
1044,Missouri,Cass,0
1045,Missouri,Cedar,0
1046,Missouri,Chariton,0
1047,Missouri,Christian,0
1048,Missouri,Clark,0
1049,Missouri,Clay,0
1050,Missouri,Clinton,0
1051,Missouri,Cole,0
1052,Missouri,Cooper,0
1053,Missouri,Crawford,0
1054,Missouri,Dade,0
1055,Missouri,Dallas,0
1056,Missouri,Daviess,0
1057,Missouri,Dent,0
1058,Missouri,Douglas,0
1059,Missouri,Dunklin,0
1060,Missouri,Franklin,0
1061,Missouri,Gasconade,0
1062,Missouri,Gentry,0
1063,Missouri,Greene,0
1064,Missouri,Grundy,0
1065,Missouri,Harrison,0
1066,Missouri,Henry,0
1067,Missouri,Hickory,0
1068,Missouri,Holt,0
1069,Missouri,Howard,0
1070,Missouri,Howell,0
1071,Missouri,Iron,0
1072,Missouri,Jackson,0
1073,Missouri,Jasper,0
1074,Missouri,Jefferson,0
1075,Missouri,Johnson,0
1076,Missouri,Knox,0
1077,Missouri,LaClede,0
1078,Missouri,Lafayette,0
1079,Missouri,Lawrence,0
1080,Missouri,Lewis,0
1081,Missouri,Lincoln,0
1082,Missouri,Linn,0
1083,Missouri,Livingston,0
1084,Missouri,Macon,0
1085,Missouri,Madison,0
1086,Missouri,Maries,0
1087,Missouri,Marion,0
1088,Missouri,McDonald,0
1089,Missouri,Mercer,0
1090,Missouri,Miller,0
1091,Missouri,Mississippi,0
1092,Missouri,Moniteau,0
1093,Missouri,Monroe,0
1094,Missouri,Montgomery,0
1095,Missouri,Morgan,0
1096,Missouri,New Madrid,0
1097,Missouri,Newton,0
1098,Missouri,Nodaway,0
1099,Missouri,Oregon,0
1100,Missouri,Osage,0
1101,Missouri,Ozark,0
1102,Missouri,Pemiscot,0
1103,Missouri,Perry,0
1104,Missouri,Pettis,0
1105,Missouri,Phelps,0
1106,Missouri,Pike,0
1107,Missouri,Platte,0
1108,Missouri,Polk,0
1109,Missouri,Pulaski,0
1110,Missouri,Putnam,0
1111,Missouri,Ralls,0
1112,Missouri,Randolph,0
1113,Missouri,Ray,0
1114,Missouri,Reynolds,0
1115,Missouri,Ripley,0
1116,Missouri,Saline,0
1117,Missouri,Schuyler,0
1118,Missouri,Scotland,0
1119,Missouri,Scott,0
1120,Missouri,Shannon,0
1121,Missouri,Shelby,0
1122,Missouri,Stoddard,0
1123,Missouri,Stone,0
1124,Missouri,Sullivan,0
1125,Missouri,Taney,0
1126,Missouri,Texas,0
1127,Missouri,Vernon,0
1128,Missouri,Warren,0
1129,Missouri,Washington,0
1130,Missouri,Wayne,0
1131,Missouri,Webster,0
1132,Missouri,Worth,0
1133,Missouri,Wright,0
1134,Nebraska,Adams,0
1135,Nebraska,Antelope,0
1136,Nebraska,Arthur,0
1137,Nebraska,Banner,0
1138,Nebraska,Blaine,0
1139,Nebraska,Boone,0
1140,Nebraska,Box Butte,0
1141,Nebraska,Boyd,0
1142,Nebraska,Brown,0
1143,Nebraska,Buffalo,0
1144,Nebraska,Burt,0
1145,Nebraska,Butler,0
1146,Nebraska,Cass,0
1147,Nebraska,Cedar,0
1148,Nebraska,Chase,0
1149,Nebraska,Cherry,0
1150,Nebraska,Cheyenne,0
1151,Nebraska,Clay,0
1152,Nebraska,Colfax,0
1153,Nebraska,Cuming,0
1154,Nebraska,Custer,0
1155,Nebraska,Dakota,0
1156,Nebraska,Dawes,0
1157,Nebraska,Dawson,0
1158,Nebraska,Deuel,0
1159,Nebraska,Dixon,0
1160,Nebraska,Dodge,0
1161,Nebraska,Douglas,0
1162,Nebraska,Dundy,0
1163,Nebraska,Fillmore,0
1164,Nebraska,Franklin,0
1165,Nebraska,Frontier,0
1166,Nebraska,Furnas,0
1167,Nebraska,Gage,0
1168,Nebraska,Garden,0
1169,Nebraska,Garfield,0
1170,Nebraska,Gosper,0
1171,Nebraska,Grant,0
1172,Nebraska,Greeley,0
1173,Nebraska,Hall,0
1174,Nebraska,Hamilton,0
1175,Nebraska,Harlan,0
1176,Nebraska,Hayes,0
1177,Nebraska,Hitchcock,0
1178,Nebraska,Holt,0
1179,Nebraska,Hooker,0
1180,Nebraska,Howard,0
1181,Nebraska,Jefferson,0
1182,Nebraska,Johnson,0
1183,Nebraska,Kearney,0
1184,Nebraska,Keith,0
1185,Nebraska,Keya Paha,0
1186,Nebraska,Kimball,0
1187,Nebraska,Knox,0
1188,Nebraska,Lancaster,0
1189,Nebraska,Lincoln,0
1190,Nebraska,Logan,0
1191,Nebraska,Loup,0
1192,Nebraska,Madison,0
1193,Nebraska,McPherson,0
1194,Nebraska,Merrick,0
1195,Nebraska,Morrill,0
1196,Nebraska,Nance,0
1197,Nebraska,Nemaha,0
1198,Nebraska,Nuckolls,0
1199,Nebraska,Otoe,0
1200,Nebraska,Pawnee,0
1201,Nebraska,Perkins,0
1202,Nebraska,Phelps,0
1203,Nebraska,Pierce,0
1204,Nebraska,Platte,0
1205,Nebraska,Polk,0
1206,Nebraska,Red Willow,0
1207,Nebraska,Richardson,0
1208,Nebraska,Rock,0
1209,Nebraska,Saline,0
1210,Nebraska,Sarpy,0
1211,Nebraska,Saunders,0
1212,Nebraska,Scotts Bluff,0
1213,Nebraska,Seward,0
1214,Nebraska,Sheridan,0
1215,Nebraska,Sherman,0
1216,Nebraska,Sioux,0
1217,Nebraska,Stanton,0
1218,Nebraska,Thayer,0
1219,Nebraska,Thomas,0
1220,Nebraska,Thurston,0
1221,Nebraska,Valley,0
1222,Nebraska,Washington,0
1223,Nebraska,Wayne,0
1224,Nebraska,Webster,0
1225,Nebraska,Wheeler,0
1226,Nebraska,York,0
1227,Nevada,Carson City,0
1228,Nevada,Churchill,0
1229,Nevada,Clark,0
1230,Nevada,Douglas,0
1231,Nevada,Elko,0
1232,Nevada,Esmeralda,0
1233,Nevada,Eureka,0
1234,Nevada,Humboldt,0
1235,Nevada,Lander,0
1236,Nevada,Lincoln,0
1237,Nevada,Lyon,0
1238,Nevada,Mineral,0
1239,Nevada,Nye,0
1240,Nevada,Pershing,0
1241,Nevada,Storey,0
1242,Nevada,Washoe,0
1243,Nevada,White Pine,0
1244,North Carolina,Alamance,0
1245,North Carolina,Alexander,0
1246,North Carolina,Alleghany,0
1247,North Carolina,Anson,0
1248,North Carolina,Ashe,0
1249,North Carolina,Avery,0
1250,North Carolina,Beaufort,0
1251,North Carolina,Bertie,0
1252,North Carolina,Bladen,0
1253,North Carolina,Brunswick,0
1254,North Carolina,Buncombe,0
1255,North Carolina,Burke,0
1256,North Carolina,Cabarrus,0
1257,North Carolina,Caldwell,0
1258,North Carolina,Camden,0
1259,North Carolina,Carteret,0
1260,North Carolina,Caswell,0
1261,North Carolina,Catawba,0
1262,North Carolina,Chatham,0
1263,North Carolina,Cherokee,0
1264,North Carolina,Chowan,0
1265,North Carolina,Clay,0
1266,North Carolina,Cleveland,0
1267,North Carolina,Columbus,0
1268,North Carolina,Craven,0
1269,North Carolina,Cumberland,0
1270,North Carolina,Dare,0
1271,North Carolina,Davidson,0
1272,North Carolina,Davie,0
1273,North Carolina,Duplin,0
1274,North Carolina,Durham,0
1275,North Carolina,Edgecombe,0
1276,North Carolina,Forsyth,0
1277,North Carolina,Franklin,0
1278,North Carolina,Gaston,0
1279,North Carolina,Gates,0
1280,North Carolina,Graham,0
1281,North Carolina,Granville,0
1282,North Carolina,Greene,0
1283,North Carolina,Guilford,0
1284,North Carolina,Halifax,0
1285,North Carolina,Harnett,0
1286,North Carolina,Haywood,0
1287,North Carolina,Henderson,0
1288,North Carolina,Hertford,0
1289,North Carolina,Hoke,0
1290,North Carolina,Hyde,0
1291,North Carolina,Iredell,0
1292,North Carolina,Jackson,0
1293,North Carolina,Johnston,0
1294,North Carolina,Jones,0
1295,North Carolina,Lee,0
1296,North Carolina,Lenoir,0
1297,North Carolina,Lincoln,0
1298,North Carolina,Macon,0
1299,North Carolina,Madison,0
1300,North Carolina,Martin,0
1301,North Carolina,McDowell,0
1302,North Carolina,Mecklenburg,0
1303,North Carolina,Mitchell,0
1304,North Carolina,Montgomery,0
1305,North Carolina,Moore,0
1306,North Carolina,Nash,0
1307,North Carolina,New Hanover,0
1308,North Carolina,Northampton,0
1309,North Carolina,Onslow,0
1310,North Carolina,Orange,0
1311,North Carolina,Pamlico,0
1312,North Carolina,Pasquotank,0
1313,North Carolina,Pender,0
1314,North Carolina,Perquimans,0
1315,North Carolina,Person,0
1316,North Carolina,Pitt,0
1317,North Carolina,Polk,0
1318,North Carolina,Randolph,0
1319,North Carolina,Richmond,0
1320,North Carolina,Robeson,0
1321,North Carolina,Rockingham,0
1322,North Carolina,Rowan,0
1323,North Carolina,Rutherford,0
1324,North Carolina,Sampson,0
1325,North Carolina,Scotland,0
1326,North Carolina,Stanly,0
1327,North Carolina,Stokes,0
1328,North Carolina,Surry,0
1329,North Carolina,Swain,0
1330,North Carolina,Transylvania,0
1331,North Carolina,Tyrrell,0
1332,North Carolina,Union,0
1333,North Carolina,Vance,0
1334,North Carolina,Wake,0
1335,North Carolina,Warren,0
1336,North Carolina,Washington,0
1337,North Carolina,Watauga,0
1338,North Carolina,Wayne,0
1339,North Carolina,Wilkes,0
1340,North Carolina,Wilson,0
1341,North Carolina,Yadkin,0
1342,North Carolina,Yancey,0
1343,Ohio,Adams,0
1344,Ohio,Allen,0
1345,Ohio,Ashland,0
1346,Ohio,Ashtabula,0
1347,Ohio,Athens,0
1348,Ohio,Auglaize,0
1349,Ohio,Belmont,0
1350,Ohio,Brown,0
1351,Ohio,Butler,0
1352,Ohio,Carroll,0
1353,Ohio,Champaign,0
1354,Ohio,Clark,0
1355,Ohio,Clermont,0
1356,Ohio,Clinton,0
1357,Ohio,Columbiana,0
1358,Ohio,Coshocton,0
1359,Ohio,Crawford,0
1360,Ohio,Cuyahoga,0
1361,Ohio,Darke,0
1362,Ohio,Defiance,0
1363,Ohio,Delaware,0
1364,Ohio,Erie,0
1365,Ohio,Fairfield,0
1366,Ohio,Fayette,0
1367,Ohio,Franklin,0
1368,Ohio,Fulton,0
1369,Ohio,Gallia,0
1370,Ohio,Geauga,0
1371,Ohio,Greene,0
1372,Ohio,Guernsey,0
1373,Ohio,Hamilton,0
1374,Ohio,Hancock,0
1375,Ohio,Hardin,0
1376,Ohio,Harrison,0
1377,Ohio,Henry,0
1378,Ohio,Highland,0
1379,Ohio,Hocking,0
1380,Ohio,Holmes,0
1381,Ohio,Huron,0
1382,Ohio,Jackson,0
1383,Ohio,Jefferson,0
1384,Ohio,Knox,0
1385,Ohio,Lake,0
1386,Ohio,Lawrence,0
1387,Ohio,Licking,0
1388,Ohio,Logan,0
1389,Ohio,Lorain,0
1390,Ohio,Lucas,0
1391,Ohio,Madison,0
1392,Ohio,Mahoning,0
1393,Ohio,Marion,0
1394,Ohio,Medina,0
1395,Ohio,Meigs,0
1396,Ohio,Mercer,0
1397,Ohio,Miami,0
1398,Ohio,Monroe,0
1399,Ohio,Montgomery,0
1400,Ohio,Morgan,0
1401,Ohio,Morrow,0
1402,Ohio,Muskingum,0
1403,Ohio,Noble,0
1404,Ohio,Ottawa,0
1405,Ohio,Paulding,0
1406,Ohio,Perry,0
1407,Ohio,Pickaway,0
1408,Ohio,Pike,0
1409,Ohio,Portage,0
1410,Ohio,Preble,0
1411,Ohio,Putnam,0
1412,Ohio,Richland,0
1413,Ohio,Ross,0
1414,Ohio,Sandusky,0
1415,Ohio,Scioto,0
1416,Ohio,Seneca,0
1417,Ohio,Shelby,0
1418,Ohio,Stark,0
1419,Ohio,Summit,0
1420,Ohio,Trumbull,0
1421,Ohio,Tuscarawas,0
1422,Ohio,Union,0
1423,Ohio,Van Wert,0
1424,Ohio,Vinton,0
1425,Ohio,Warren,0
1426,Ohio,Washington,0
1427,Ohio,Wayne,0
1428,Ohio,Williams,0
1429,Ohio,Wood,0
1430,Ohio,Wyandot,0
1431,Oklahoma,Adair,0
1432,Oklahoma,Alfalfa,0
1433,Oklahoma,Atoka,0
1434,Oklahoma,Beaver,0
1435,Oklahoma,Beckham,0
1436,Oklahoma,Blaine,0
1437,Oklahoma,Bryan,0
1438,Oklahoma,Caddo,0
1439,Oklahoma,Canadian,0
1440,Oklahoma,Carter,0
1441,Oklahoma,Cherokee,0
1442,Oklahoma,Choctaw,0
1443,Oklahoma,Cimarron,0
1444,Oklahoma,Cleveland,0
1445,Oklahoma,Coal,0
1446,Oklahoma,Comanche,0
1447,Oklahoma,Cotton,0
1448,Oklahoma,Craig,0
1449,Oklahoma,Creek,0
1450,Oklahoma,Custer,0
1451,Oklahoma,Delaware,0
1452,Oklahoma,Dewey,0
1453,Oklahoma,Ellis,0
1454,Oklahoma,Garfield,0
1455,Oklahoma,Garvin,0
1456,Oklahoma,Grady,0
1457,Oklahoma,Grant,0
1458,Oklahoma,Greer,0
1459,Oklahoma,Harmon,0
1460,Oklahoma,Harper,0
1461,Oklahoma,Haskell,0
1462,Oklahoma,Hughes,0
1463,Oklahoma,Jackson,0
1464,Oklahoma,Jefferson,0
1465,Oklahoma,Johnston,0
1466,Oklahoma,Kay,0
1467,Oklahoma,Kingfisher,0
1468,Oklahoma,Kiowa,0
1469,Oklahoma,Latimer,0
1470,Oklahoma,Lincoln,0
1471,Oklahoma,Logan,0
1472,Oklahoma,Love,0
1473,Oklahoma,Major,0
1474,Oklahoma,Marshall,0
1475,Oklahoma,Mayes,0
1476,Oklahoma,McClain,0
1477,Oklahoma,McCurtain,0
1478,Oklahoma,McIntosh,0
1479,Oklahoma,Murray,0
1480,Oklahoma,Muskogee,0
1481,Oklahoma,Noble,0
1482,Oklahoma,Nowata,0
1483,Oklahoma,Okfuskee,0
1484,Oklahoma,Oklahoma,0
1485,Oklahoma,Okmulgee,0
1486,Oklahoma,Osage,0
1487,Oklahoma,Ottawa,0
1488,Oklahoma,Pawnee,0
1489,Oklahoma,Payne,0
1490,Oklahoma,Pittsburg,0
1491,Oklahoma,Pontotoc,0
1492,Oklahoma,Pottawatomie,0
1493,Oklahoma,Pushmataha,0
1494,Oklahoma,Roger Mills,0
1495,Oklahoma,Rogers,0
1496,Oklahoma,Seminole,0
1497,Oklahoma,Sequoyah,0
1498,Oklahoma,Stephens,0
1499,Oklahoma,Texas,0
1500,Oklahoma,Tillman,0
1501,Oklahoma,Tulsa,0
1502,Oklahoma,Wagoner,0
1503,Oklahoma,Washington,0
1504,Oklahoma,Washita,0
1505,Oklahoma,Woods,0
1506,Oklahoma,Woodward,0
1507,South Carolina,Abbeville,0
1508,South Carolina,Aiken,0
1509,South Carolina,Allendale,0
1510,South Carolina,Anderson,0
1511,South Carolina,Bamberg,0
1512,South Carolina,Barnwell,0
1513,South Carolina,Beaufort,0
1514,South Carolina,Berkeley,0
1515,South Carolina,Calhoun,0
1516,South Carolina,Charleston,0
1517,South Carolina,Cherokee,0
1518,South Carolina,Chester,0
1519,South Carolina,Chesterfield,0
1520,South Carolina,Clarendon,0
1521,South Carolina,Colleton,0
1522,South Carolina,Darlington,0
1523,South Carolina,Dillon,0
1524,South Carolina,Dorchester,0
1525,South Carolina,Edgefield,0
1526,South Carolina,Fairfield,0
1527,South Carolina,Florence,0
1528,South Carolina,Georgetown,0
1529,South Carolina,Greenville,0
1530,South Carolina,Greenwood,0
1531,South Carolina,Hampton,0
1532,South Carolina,Horry,0
1533,South Carolina,Jasper,0
1534,South Carolina,Kershaw,0
1535,South Carolina,Lancaster,0
1536,South Carolina,Laurens,0
1537,South Carolina,Lee,0
1538,South Carolina,Lexington,0
1539,South Carolina,Marion,0
1540,South Carolina,Marlboro,0
1541,South Carolina,McCormick,0
1542,South Carolina,Newberry,0
1543,South Carolina,Oconee,0
1544,South Carolina,Orangeburg,0
1545,South Carolina,Pickens,0
1546,South Carolina,Richland,0
1547,South Carolina,Saluda,0
1548,South Carolina,Spartanburg,0
1549,South Carolina,Sumter,0
1550,South Carolina,Union,0
1551,South Carolina,Williamsburg,0
1552,South Carolina,York,0
1553,Tennessee,Anderson,0
1554,Tennessee,Bedford,0
1555,Tennessee,Benton,0
1556,Tennessee,Bledsoe,0
1557,Tennessee,Blount,0
1558,Tennessee,Bradley,0
1559,Tennessee,Campbell,0
1560,Tennessee,Cannon,0
1561,Tennessee,Carroll,0
1562,Tennessee,Carter,0
1563,Tennessee,Cheatham,0
1564,Tennessee,Chester,0
1565,Tennessee,Claiborne,0
1566,Tennessee,Clay,0
1567,Tennessee,Cocke,0
1568,Tennessee,Coffee,0
1569,Tennessee,Crockett,0
1570,Tennessee,Cumberland,0
1571,Tennessee,Davidson,0
1572,Tennessee,Decatur,0
1573,Tennessee,Dickson,0
1574,Tennessee,Dyer,0
1575,Tennessee,Fayette,0
1576,Tennessee,Fentress,0
1577,Tennessee,Franklin,0
1578,Tennessee,Gibson,0
1579,Tennessee,Giles,0
1580,Tennessee,Grainger,0
1581,Tennessee,Greene,0
1582,Tennessee,Grundy,0
1583,Tennessee,Hamblen,0
1584,Tennessee,Hamilton,0
1585,Tennessee,Hancock,0
1586,Tennessee,Hardeman,0
1587,Tennessee,Hardin,0
1588,Tennessee,Hawkins,0
1589,Tennessee,Haywood,0
1590,Tennessee,Henderson,0
1591,Tennessee,Henry,0
1592,Tennessee,Hickman,0
1593,Tennessee,Houston,0
1594,Tennessee,Humphreys,0
1595,Tennessee,Jackson,0
1596,Tennessee,Jefferson,0
1597,Tennessee,Johnson,0
1598,Tennessee,Knox,0
1599,Tennessee,Lake,0
1600,Tennessee,Lauderdale,0
1601,Tennessee,Lawrence,0
1602,Tennessee,Lewis,0
1603,Tennessee,Lincoln,0
1604,Tennessee,Loudon,0
1605,Tennessee,Macon,0
1606,Tennessee,Madison,0
1607,Tennessee,Marion,0
1608,Tennessee,Marshall,0
1609,Tennessee,Maury,0
1610,Tennessee,McMinn,0
1611,Tennessee,McNairy,0
1612,Tennessee,Meigs,0
1613,Tennessee,Monroe,0
1614,Tennessee,Montgomery,0
1615,Tennessee,Moore,0
1616,Tennessee,Morgan,0
1617,Tennessee,Obion,0
1618,Tennessee,Overton,0
1619,Tennessee,Perry,0
1620,Tennessee,Pickett,0
1621,Tennessee,Polk,0
1622,Tennessee,Putnam,0
1623,Tennessee,Rhea,0
1624,Tennessee,Roane,0
1625,Tennessee,Robertson,0
1626,Tennessee,Rutherford,0
1627,Tennessee,Scott,0
1628,Tennessee,Sequatchie,0
1629,Tennessee,Sevier,0
1630,Tennessee,Shelby,0
1631,Tennessee,Smith,0
1632,Tennessee,Stewart,0
1633,Tennessee,Sullivan,0
1634,Tennessee,Sumner,0
1635,Tennessee,Tipton,0
1636,Tennessee,Trousdale,0
1637,Tennessee,Unicoi,0
1638,Tennessee,Union,0
1639,Tennessee,Van Buren,0
1640,Tennessee,Warren,0
1641,Tennessee,Washington,0
1642,Tennessee,Wayne,0
1643,Tennessee,Weakley,0
1644,Tennessee,White,0
1645,Tennessee,Williamson,0
1646,Tennessee,Wilson,0
1647,Texas,Anderson,0
1648,Texas,Andrews,0
1649,Texas,Angelina,0
1650,Texas,Aransas,0
1651,Texas,Archer,0
1652,Texas,Armstrong,0
1653,Texas,Atascosa,0
1654,Texas,Austin,0
1655,Texas,Bailey,0
1656,Texas,Bandera,0
1657,Texas,Bastrop,0
1658,Texas,Baylor,0
1659,Texas,Bee,0
1660,Texas,Bell,0
1661,Texas,Bexar,0
1662,Texas,Blanco,0
1663,Texas,Borden,0
1664,Texas,Bosque,0
1665,Texas,Bowie,0
1666,Texas,Brazoria,0
1667,Texas,Brazos,0
1668,Texas,Brewster,0
1669,Texas,Briscoe,0
1670,Texas,Brooks,0
1671,Texas,Brown,0
1672,Texas,Burleson,0
1673,Texas,Burnet,0
1674,Texas,Caldwell,0
1675,Texas,Calhoun,0
1676,Texas,Callahan,0
1677,Texas,Cameron,0
1678,Texas,Camp,0
1679,Texas,Carson,0
1680,Texas,Cass,0
1681,Texas,Castro,0
1682,Texas,Chambers,0
1683,Texas,Cherokee,0
1684,Texas,Childress,0
1685,Texas,Clay,0
1686,Texas,Cochran,0
1687,Texas,Coke,0
1688,Texas,Coleman,0
1689,Texas,Collin,0
1690,Texas,Collingsworth,0
1691,Texas,Colorado,0
1692,Texas,Comal,0
1693,Texas,Comanche,0
1694,Texas,Concho,0
1695,Texas,Cooke,0
1696,Texas,Coryell,0
1697,Texas,Cottle,0
1698,Texas,Crane,0
1699,Texas,Crockett,0
1700,Texas,Crosby,0
1701,Texas,Culberson,0
1702,Texas,Dallam,0
1703,Texas,Dallas,0
1704,Texas,Dawson,0
1705,Texas,Deaf Smith,0
1706,Texas,Delta,0
1707,Texas,Denton,0
1708,Texas,De Witt,0
1709,Texas,Dickens,0
1710,Texas,Dimmit,0
1711,Texas,Donley,0
1712,Texas,Duval,0
1713,Texas,Eastland,0
1714,Texas,Ector,0
1715,Texas,Edwards,0
1716,Texas,Ellis,0
1717,Texas,El Paso,0
1718,Texas,Erath,0
1719,Texas,Falls,0
1720,Texas,Fannin,0
1721,Texas,Fayette,0
1722,Texas,Fisher,0
1723,Texas,Floyd,0
1724,Texas,Foard,0
1725,Texas,Fort Bend,0
1726,Texas,Franklin,0
1727,Texas,Freestone,0
1728,Texas,Frio,0
1729,Texas,Gaines,0
1730,Texas,Garza,0
1731,Texas,Gillespie,0
1732,Texas,Glasscock,0
1733,Texas,Goliad,0
1734,Texas,Gonzales,0
1735,Texas,Gray,0
1736,Texas,Grayson,0
1737,Texas,Gregg,0
1738,Texas,Grimes,0
1739,Texas,Guadalupe,0
1740,Texas,Hale,0
1741,Texas,Hall,0
1742,Texas,Hamilton,0
1743,Texas,Hansford,0
1744,Texas,Hardeman,0
1745,Texas,Hardin,0
1746,Texas,Harris,0
1747,Texas,Harrison,0
1748,Texas,Hartley,0
1749,Texas,Haskell,0
1750,Texas,Hays,0
1751,Texas,Hemphill,0
1752,Texas,Henderson,0
1753,Texas,Hidalgo,0
1754,Texas,Hill,0
1755,Texas,Hockley,0
1756,Texas,Hood,0
1757,Texas,Hopkins,0
1758,Texas,Houston,0
1759,Texas,Howard,0
1760,Texas,Hudspeth,0
1761,Texas,Hunt,0
1762,Texas,Hutchinson,0
1763,Texas,Irion,0
1764,Texas,Jack,0
1765,Texas,Jackson,0
1766,Texas,Jasper,0
1767,Texas,Jeff Davis,0
1768,Texas,Jefferson,0
1769,Texas,Jim Hogg,0
1770,Texas,Jim Wells,0
1771,Texas,Johnson,0
1772,Texas,Jones,0
1773,Texas,Karnes,0
1774,Texas,Kaufman,0
1775,Texas,Kendall,0
1776,Texas,Kenedy,0
1777,Texas,Kent,0
1778,Texas,Kerr,0
1779,Texas,Kimble,0
1780,Texas,King,0
1781,Texas,Kinney,0
1782,Texas,Kleberg,0
1783,Texas,Knox,0
1784,Texas,Lamar,0
1785,Texas,Lamb,0
1786,Texas,Lampasas,0
1787,Texas,La Salle,0
1788,Texas,Lee,0
1789,Texas,Leon,0
1790,Texas,Liberty,0
1791,Texas,Limestone,0
1792,Texas,Lipscomb,0
1793,Texas,Live Oak,0
1794,Texas,Llano,0
1795,Texas,Loving,0
1796,Texas,Lubbock,0
1797,Texas,Lynn,0
1798,Texas,Madison,0
1799,Texas,Marion,0
1800,Texas,Martin,0
1801,Texas,Mason,0
1802,Texas,Matagorda,0
1803,Texas,Maverick,0
1804,Texas,McCulloch,0
1805,Texas,McLennan,0
1806,Texas,McMullen,0
1807,Texas,Medina,0
1808,Texas,Menard,0
1809,Texas,Midland,0
1810,Texas,Milam,0
1811,Texas,Mills,0
1812,Texas,Mitchell,0
1813,Texas,Montague,0
1814,Texas,Montgomery,0
1815,Texas,Moore,0
1816,Texas,Morris,0
1817,Texas,Motley,0
1818,Texas,Nacogdoches,0
1819,Texas,Navarro,0
1820,Texas,Newton,0
1821,Texas,Nolan,0
1822,Texas,Nueces,0
1823,Texas,Ochiltree,0
1824,Texas,Oldham,0
1825,Texas,Orange,0
1826,Texas,Palo Pinto,0
1827,Texas,Panola,0
1828,Texas,Parker,0
1829,Texas,Parmer,0
1830,Texas,Pecos,0
1831,Texas,Polk,0
1832,Texas,Potter,0
1833,Texas,Presidio,0
1834,Texas,Rains,0
1835,Texas,Randall,0
1836,Texas,Reagan,0
1837,Texas,Real,0
1838,Texas,Red River,0
1839,Texas,Reeves,0
1840,Texas,Refugio,0
1841,Texas,Roberts,0
1842,Texas,Robertson,0
1843,Texas,Rockwall,0
1844,Texas,Runnels,0
1845,Texas,Rusk,0
1846,Texas,Sabine,0
1847,Texas,San Augustine,0
1848,Texas,San Jacinto,0
1849,Texas,San Patricio,0
1850,Texas,San Saba,0
1851,Texas,Schleicher,0
1852,Texas,Scurry,0
1853,Texas,Shackelford,0
1854,Texas,Shelby,0
1855,Texas,Sherman,0
1856,Texas,Smith,0
1857,Texas,Somervell,0
1858,Texas,Starr,0
1859,Texas,Stephens,0
1860,Texas,Sterling,0
1861,Texas,Stonewall,0
1862,Texas,Sutton,0
1863,Texas,Swisher,0
1864,Texas,Tarrant,0
1865,Texas,Taylor,0
1866,Texas,Terrell,0
1867,Texas,Terry,0
1868,Texas,Throckmorton,0
1869,Texas,Titus,0
1870,Texas,Tom Green,0
1871,Texas,Travis,0
1872,Texas,Trinity,0
1873,Texas,Tyler,0
1874,Texas,Upshur,0
1875,Texas,Upton,0
1876,Texas,Uvalde,0
1877,Texas,Val Verde,0
1878,Texas,Van Zandt,0
1879,Texas,Victoria,0
1880,Texas,Walker,0
1881,Texas,Waller,0
1882,Texas,Ward,0
1883,Texas,Washington,0
1884,Texas,Webb,0
1885,Texas,Wharton,0
1886,Texas,Wheeler,0
1887,Texas,Wichita,0
1888,Texas,Wilbarger,0
1889,Texas,Willacy,0
1890,Texas,Williamson,0
1891,Texas,Wilson,0
1892,Texas,Winkler,0
1893,Texas,Wise,0
1894,Texas,Wood,0
1895,Texas,Yoakum,0
1896,Texas,Young,0
1897,Texas,Zapata,0
1898,Texas,Zavala,0
1899,Utah,Beaver,0
1900,Utah,Box Elder,0
1901,Utah,Cache,0
1902,Utah,Carbon,0
1903,Utah,Daggett,0
1904,Utah,Davis,0
1905,Utah,Duchesne,0
1906,Utah,Emery,0
1907,Utah,Garfield,0
1908,Utah,Grand,0
1909,Utah,Iron,0
1910,Utah,Juab,0
1911,Utah,Kane,0
1912,Utah,Millard,0
1913,Utah,Morgan,0
1914,Utah,Piute,0
1915,Utah,Rich,0
1916,Utah,Salt Lake,0
1917,Utah,San Juan,0
1918,Utah,Sanpete,0
1919,Utah,Sevier,0
1920,Utah,Summit,0
1921,Utah,Tooele,0
1922,Utah,Uintah,0
1923,Utah,Utah,0
1924,Utah,Wasatch,0
1925,Utah,Washington,0
1926,Utah,Wayne,0
1927,Utah,Weber,0
1928,Vermont,Addison,0
1929,Vermont,Bennington,0
1930,Vermont,Chittenden,0
1931,Vermont,Essex,0
1932,Vermont,Franklin,0
1933,Vermont,Grand Isle,0
1934,Vermont,Orange,0
1935,Vermont,Rutland,0
1936,Vermont,Washington,0
1937,Vermont,Windham,0
1938,Vermont,Windsor,0
1939,Virginia,Albemarle,0
1940,Virginia,Alleghany,0
1941,Virginia,Amelia,0
1942,Virginia,Amherst,0
1943,Virginia,Appomattox,0
1944,Virginia,Arlington,0
1945,Virginia,Augusta,0
1946,Virginia,Bath,0
1947,Virginia,Bedford,0
1948,Virginia,Bland,0
1949,Virginia,Botetourt,0
1950,Virginia,Brunswick,0
1951,Virginia,Buchanan,0
1952,Virginia,Buckingham,0
1953,Virginia,Campbell,0
1954,Virginia,Caroline,0
1955,Virginia,Carroll,0
1956,Virginia,Charles City,0
1957,Virginia,Charlotte,0
1958,Virginia,Chesterfield,0
1959,Virginia,Clarke,0
1960,Virginia,Craig,0
1961,Virginia,Culpeper,0
1962,Virginia,Cumberland,0
1963,Virginia,Dickenson,0
1964,Virginia,Dinwiddie,0
1965,Virginia,Essex,0
1966,Virginia,Fairfax,0
1967,Virginia,Fauquier,0
1968,Virginia,Floyd,0
1969,Virginia,Fluvanna,0
1970,Virginia,Franklin,0
1971,Virginia,Frederick,0
1972,Virginia,Giles,0
1973,Virginia,Gloucester,0
1974,Virginia,Goochland,0
1975,Virginia,Grayson,0
1976,Virginia,Greene,0
1977,Virginia,Greensville,0
1978,Virginia,Halifax,0
1979,Virginia,Hampton,0
1980,Virginia,Hanover,0
1981,Virginia,Henrico,0
1982,Virginia,Henry,0
1983,Virginia,Highland,0
1984,Virginia,Isle of Wight,0
1985,Virginia,James City,0
1986,Virginia,King and Queen,0
1987,Virginia,King George,0
1988,Virginia,King William,0
1989,Virginia,Lancaster,0
1990,Virginia,Lee,0
1991,Virginia,Loudoun,0
1992,Virginia,Louisa,0
1993,Virginia,Lunenburg,0
1994,Virginia,Madison,0
1995,Virginia,Mathews,0
1996,Virginia,Mecklenburg,0
1997,Virginia,Middlesex,0
1998,Virginia,Montgomery,0
1999,Virginia,Nelson,0
2000,Virginia,New Kent,0
2001,Virginia,Newport News,0
2002,Virginia,Norfolk,0
2003,Virginia,Northampton,0
2004,Virginia,Northumberland,0
2005,Virginia,Nottoway,0
2006,Virginia,Orange,0
2007,Virginia,Page,0
2008,Virginia,Patrick,0
2009,Virginia,Pittsylvania,0
2010,Virginia,Powhatan,0
2011,Virginia,Prince Edward,0
2012,Virginia,Prince George,0
2013,Virginia,Prince William,0
2014,Virginia,Pulaski,0
2015,Virginia,Rappahannock,0
2016,Virginia,Richmond,0
2017,Virginia,Roanoke,0
2018,Virginia,Rockbridge,0
2019,Virginia,Rockingham,0
2020,Virginia,Russell,0
2021,Virginia,Scott,0
2022,Virginia,Shenandoah,0
2023,Virginia,Smyth,0
2024,Virginia,Southampton,0
2025,Virginia,Spotsylvania,0
2026,Virginia,Stafford,0
2027,Virginia,Suffolk,0
2028,Virginia,Surry,0
2029,Virginia,Sussex,0
2030,Virginia,Tazewell,0
2031,Virginia,Virginia Beach,0
2032,Virginia,Warren,0
2033,Virginia,Washington,0
2034,Virginia,Westmoreland,0
2035,Virginia,Wise,0
2036,Virginia,Wythe,0
2037,Virginia,York,0
2038,New Hampshire,Belknap,0
2039,New Hampshire,Carroll,0
2040,New Hampshire,Cheshire,0
2041,New Hampshire,Coos,0
2042,New Hampshire,Grafton,0
2043,New Hampshire,Hillsborough,0
2044,New Hampshire,Merrimack,0
2045,New Hampshire,Rockingham,0
2046,New Hampshire,Strafford,0
2047,New Hampshire,Sullivan,0
2048,New York,Albany,0
2050,New York,Bronx,0
2053,New York,Cayuga,0
2057,New York,Clinton,0
2058,New York,Columbia,0
2060,New York,Delaware,0
2062,New York,Erie,0
2063,New York,Essex,0
2064,New York,Franklin,0
2065,New York,Fulton,0
2066,New York,Genesee,0
2067,New York,Greene,0
2068,New York,Hamilton,0
2070,New York,Jefferson,0
2072,New York,Lewis,0
2073,New York,Livingston,0
2074,New York,Madison,0
2075,New York,Monroe,0
2076,New York,Montgomery,0
2077,New York,Nassau,0
2080,New York,Oneida,0
2083,New York,Orange,0
2084,New York,Orleans,0
2086,New York,Otsego,0
2087,New York,Putnam,0
2088,New York,Queens,0
2090,New York,Richmond,0
2096,New York,Schuyler,0
2097,New York,Seneca,0
2099,New York,Suffolk,0
2100,New York,Sullivan,0
2104,New York,Warren,0
2105,New York,Washington,0
2106,New York,Wayne,0
